{"assets/audios/favicon.png":["assets/audios/favicon.png"],"assets/fonts/favicon.png":["assets/fonts/favicon.png"],"assets/images/Captura_de_tela_2025-07-26_181452.png":["assets/images/Captura_de_tela_2025-07-26_181452.png"],"assets/images/Captura_de_tela_2025-07-26_181559.png":["assets/images/Captura_de_tela_2025-07-26_181559.png"],"assets/images/Captura_de_tela_2025-07-26_185246.png":["assets/images/Captura_de_tela_2025-07-26_185246.png"],"assets/images/Captura_de_tela_2025-07-26_185357.png":["assets/images/Captura_de_tela_2025-07-26_185357.png"],"assets/images/Captura_de_tela_2025-07-26_185551.png":["assets/images/Captura_de_tela_2025-07-26_185551.png"],"assets/images/Captura_de_tela_2025-07-26_185605.png":["assets/images/Captura_de_tela_2025-07-26_185605.png"],"assets/images/Captura_de_tela_2025-07-26_185622.png":["assets/images/Captura_de_tela_2025-07-26_185622.png"],"assets/images/Captura_de_tela_2025-07-26_185638.png":["assets/images/Captura_de_tela_2025-07-26_185638.png"],"assets/images/Captura_de_tela_2025-07-26_185649.png":["assets/images/Captura_de_tela_2025-07-26_185649.png"],"assets/images/LOGOMINI.png":["assets/images/LOGOMINI.png"],"assets/images/acompanhamento.jpg":["assets/images/acompanhamento.jpg"],"assets/images/atendimento_domiciliar.jpg":["assets/images/atendimento_domiciliar.jpg"],"assets/images/deisi_santos2.png":["assets/images/deisi_santos2.png"],"assets/images/exames.jpg":["assets/images/exames.jpg"],"assets/images/favicon.png":["assets/images/favicon.png"],"assets/images/icone.png":["assets/images/icone.png"],"assets/images/medicacoes.jpg":["assets/images/medicacoes.jpg"],"assets/images/vacina_gato.jpg":["assets/images/vacina_gato.jpg"],"assets/jsons/favicon.png":["assets/jsons/favicon.png"],"assets/pdfs/favicon.png":["assets/pdfs/favicon.png"],"assets/rive_animations/favicon.png":["assets/rive_animations/favicon.png"],"assets/videos/favicon.png":["assets/videos/favicon.png"],"packages/cupertino_icons/assets/CupertinoIcons.ttf":["packages/cupertino_icons/assets/CupertinoIcons.ttf"],"packages/devtools_app_shared/fonts/Roboto/Roboto-Black.ttf":["packages/devtools_app_shared/fonts/Roboto/Roboto-Black.ttf"],"packages/devtools_app_shared/fonts/Roboto/Roboto-Bold.ttf":["packages/devtools_app_shared/fonts/Roboto/Roboto-Bold.ttf"],"packages/devtools_app_shared/fonts/Roboto/Roboto-Light.ttf":["packages/devtools_app_shared/fonts/Roboto/Roboto-Light.ttf"],"packages/devtools_app_shared/fonts/Roboto/Roboto-Medium.ttf":["packages/devtools_app_shared/fonts/Roboto/Roboto-Medium.ttf"],"packages/devtools_app_shared/fonts/Roboto/Roboto-Regular.ttf":["packages/devtools_app_shared/fonts/Roboto/Roboto-Regular.ttf"],"packages/devtools_app_shared/fonts/Roboto/Roboto-Thin.ttf":["packages/devtools_app_shared/fonts/Roboto/Roboto-Thin.ttf"],"packages/devtools_app_shared/fonts/Roboto_Mono/RobotoMono-Bold.ttf":["packages/devtools_app_shared/fonts/Roboto_Mono/RobotoMono-Bold.ttf"],"packages/devtools_app_shared/fonts/Roboto_Mono/RobotoMono-Light.ttf":["packages/devtools_app_shared/fonts/Roboto_Mono/RobotoMono-Light.ttf"],"packages/devtools_app_shared/fonts/Roboto_Mono/RobotoMono-Medium.ttf":["packages/devtools_app_shared/fonts/Roboto_Mono/RobotoMono-Medium.ttf"],"packages/devtools_app_shared/fonts/Roboto_Mono/RobotoMono-Regular.ttf":["packages/devtools_app_shared/fonts/Roboto_Mono/RobotoMono-Regular.ttf"],"packages/devtools_app_shared/fonts/Roboto_Mono/RobotoMono-Thin.ttf":["packages/devtools_app_shared/fonts/Roboto_Mono/RobotoMono-Thin.ttf"],"packages/flutterflow_debug_panel/assets/fonts/FFIcons.ttf":["packages/flutterflow_debug_panel/assets/fonts/FFIcons.ttf"],"packages/flutterflow_debug_panel/assets/fonts/NewFFIcons.ttf":["packages/flutterflow_debug_panel/assets/fonts/NewFFIcons.ttf"],"packages/flutterflow_debug_panel/assets/fonts/Product-Sans-Bold.ttf":["packages/flutterflow_debug_panel/assets/fonts/Product-Sans-Bold.ttf"],"packages/flutterflow_debug_panel/assets/fonts/Product-Sans-Light.ttf":["packages/flutterflow_debug_panel/assets/fonts/Product-Sans-Light.ttf"],"packages/flutterflow_debug_panel/assets/fonts/Product-Sans-Medium.ttf":["packages/flutterflow_debug_panel/assets/fonts/Product-Sans-Medium.ttf"],"packages/flutterflow_debug_panel/assets/fonts/Product-Sans-Regular.ttf":["packages/flutterflow_debug_panel/assets/fonts/Product-Sans-Regular.ttf"],"packages/font_awesome_flutter/lib/fonts/fa-brands-400.ttf":["packages/font_awesome_flutter/lib/fonts/fa-brands-400.ttf"],"packages/font_awesome_flutter/lib/fonts/fa-regular-400.ttf":["packages/font_awesome_flutter/lib/fonts/fa-regular-400.ttf"],"packages/font_awesome_flutter/lib/fonts/fa-solid-900.ttf":["packages/font_awesome_flutter/lib/fonts/fa-solid-900.ttf"],"packages/wakelock_plus/assets/no_sleep.js":["packages/wakelock_plus/assets/no_sleep.js"]}