[{"family":"MaterialIcons","fonts":[{"asset":"fonts/MaterialIcons-Regular.otf"}]},{"family":"packages/flutterflow_debug_panel/FFIcons","fonts":[{"asset":"packages/flutterflow_debug_panel/assets/fonts/FFIcons.ttf"}]},{"family":"packages/flutterflow_debug_panel/NewFFIcons","fonts":[{"asset":"packages/flutterflow_debug_panel/assets/fonts/NewFFIcons.ttf"}]},{"family":"packages/flutterflow_debug_panel/Product Sans","fonts":[{"asset":"packages/flutterflow_debug_panel/assets/fonts/Product-Sans-Regular.ttf"},{"weight":300,"asset":"packages/flutterflow_debug_panel/assets/fonts/Product-Sans-Light.ttf"},{"weight":500,"asset":"packages/flutterflow_debug_panel/assets/fonts/Product-Sans-Medium.ttf"},{"weight":600,"asset":"packages/flutterflow_debug_panel/assets/fonts/Product-Sans-Medium.ttf"},{"weight":700,"asset":"packages/flutterflow_debug_panel/assets/fonts/Product-Sans-Bold.ttf"}]},{"family":"packages/cupertino_icons/CupertinoIcons","fonts":[{"asset":"packages/cupertino_icons/assets/CupertinoIcons.ttf"}]},{"family":"packages/devtools_app_shared/Roboto","fonts":[{"weight":100,"asset":"packages/devtools_app_shared/fonts/Roboto/Roboto-Thin.ttf"},{"weight":300,"asset":"packages/devtools_app_shared/fonts/Roboto/Roboto-Light.ttf"},{"weight":400,"asset":"packages/devtools_app_shared/fonts/Roboto/Roboto-Regular.ttf"},{"weight":500,"asset":"packages/devtools_app_shared/fonts/Roboto/Roboto-Medium.ttf"},{"weight":700,"asset":"packages/devtools_app_shared/fonts/Roboto/Roboto-Bold.ttf"},{"weight":900,"asset":"packages/devtools_app_shared/fonts/Roboto/Roboto-Black.ttf"}]},{"family":"packages/devtools_app_shared/RobotoMono","fonts":[{"weight":100,"asset":"packages/devtools_app_shared/fonts/Roboto_Mono/RobotoMono-Thin.ttf"},{"weight":300,"asset":"packages/devtools_app_shared/fonts/Roboto_Mono/RobotoMono-Light.ttf"},{"weight":400,"asset":"packages/devtools_app_shared/fonts/Roboto_Mono/RobotoMono-Regular.ttf"},{"weight":500,"asset":"packages/devtools_app_shared/fonts/Roboto_Mono/RobotoMono-Medium.ttf"},{"weight":700,"asset":"packages/devtools_app_shared/fonts/Roboto_Mono/RobotoMono-Bold.ttf"}]},{"family":"packages/font_awesome_flutter/FontAwesomeBrands","fonts":[{"weight":400,"asset":"packages/font_awesome_flutter/lib/fonts/fa-brands-400.ttf"}]},{"family":"packages/font_awesome_flutter/FontAwesomeRegular","fonts":[{"weight":400,"asset":"packages/font_awesome_flutter/lib/fonts/fa-regular-400.ttf"}]},{"family":"packages/font_awesome_flutter/FontAwesomeSolid","fonts":[{"weight":900,"asset":"packages/font_awesome_flutter/lib/fonts/fa-solid-900.ttf"}]}]